-- sql,V1,,V2
"update regions set simplified_polygon = ""POLYGON((137 -14.3, 137 -14.4, 136.9 -14.4, 136.7 -14.3, 136.3 -14.2, 133.1 -12.3, 132.6 -11.7, 132.6 -11.6, 132.7 -11.3, 132.8 -11, 133 -10.9, 136.8 -11, 137 -12.3, 137 -14.3))"" where region_type_regiontype = ""IBRA"" and shapefile_id = 1;",1,IBRA,"POLYGON((137 -14.3, 137 -14.4, 136.9 -14.4, 136.7 -14.3, 136.3 -14.2, 133.1 -12.3, 132.6 -11.7, 132.6 -11.6, 132.7 -11.3, 132.8 -11, 133 -10.9, 136.8 -11, 137 -12.3, 137 -14.3))"
"update regions set simplified_polygon = ""POLYGON((134.6 -12.8, 133.2 -14.2, 133.1 -14.2, 132.3 -13.7, 132.2 -13.6, 132.2 -13.5, 132.3 -13.3, 133 -12.4, 133.1 -12.3, 133.8 -12.1, 133.9 -12.1, 134.6 -12.8))"" where region_type_regiontype = ""IBRA"" and shapefile_id = 2;",2,IBRA,"POLYGON((134.6 -12.8, 133.2 -14.2, 133.1 -14.2, 132.3 -13.7, 132.2 -13.6, 132.2 -13.5, 132.3 -13.3, 133 -12.4, 133.1 -12.3, 133.8 -12.1, 133.9 -12.1, 134.6 -12.8))"
"update regions set simplified_polygon = ""POLYGON((149.1 -36, 148.4 -36.9, 148.1 -37.2, 148 -37.2, 148 -37.3, 146.3 -37.9, 146.1 -37.8, 145.6 -37.7, 145.6 -37.6, 145.8 -37.3, 146.9 -36.5, 148.1 -35.6, 148.2 -35.6, 148.8 -35.3, 148.9 -35.4, 149 -35.5, 149.1 -35.8, 149.1 -35.9, 149.1 -36))"" where region_type_regiontype = ""IBRA"" and shapefile_id = 3;",3,IBRA,"POLYGON((149.1 -36, 148.4 -36.9, 148.1 -37.2, 148 -37.2, 148 -37.3, 146.3 -37.9, 146.1 -37.8, 145.6 -37.7, 145.6 -37.6, 145.8 -37.3, 146.9 -36.5, 148.1 -35.6, 148.2 -35.6, 148.8 -35.3, 148.9 -35.4, 149 -35.5, 149.1 -35.8, 149.1 -35.9, 149.1 -36))"
"update regions set simplified_polygon = ""POLYGON((119.7 -31.8, 117.9 -34.3, 117.8 -34.3, 117.6 -34.4, 117.5 -34.4, 117.5 -34.3, 117.1 -34.3, 115.3 -29.1, 115.4 -28.3, 115.5 -28.3, 115.8 -28.4, 115.9 -28.4, 116 -28.4, 118.4 -30.4, 119.1 -31.1, 119.2 -31.1, 119.6 -31.6, 119.7 -31.8))"" where region_type_regiontype = ""IBRA"" and shapefile_id = 4;",4,IBRA,"POLYGON((119.7 -31.8, 117.9 -34.3, 117.8 -34.3, 117.6 -34.4, 117.5 -34.4, 117.5 -34.3, 117.1 -34.3, 115.3 -29.1, 115.4 -28.3, 115.5 -28.3, 115.8 -28.4, 115.9 -28.4, 116 -28.4, 118.4 -30.4, 119.1 -31.1, 119.2 -31.1, 119.6 -31.6, 119.7 -31.8))"
"update regions set simplified_polygon = ""POLYGON((151.3 -23.8, 149 -24.7, 147.4 -24.4, 147.1 -24.3, 147 -24.2, 146.8 -24.1, 146.7 -24, 146.5 -23.8, 146.1 -21.1, 146.5 -19.3, 146.5 -19.2, 146.6 -19.2, 146.8 -19.1, 146.9 -19.1, 147.4 -19.3, 148.3 -20, 150.5 -22.2, 150.6 -22.3, 151.2 -23.5, 151.3 -23.8))"" where region_type_regiontype = ""IBRA"" and shapefile_id = 5;",5,IBRA,"POLYGON((151.3 -23.8, 149 -24.7, 147.4 -24.4, 147.1 -24.3, 147 -24.2, 146.8 -24.1, 146.7 -24, 146.5 -23.8, 146.1 -21.1, 146.5 -19.3, 146.5 -19.2, 146.6 -19.2, 146.8 -19.1, 146.9 -19.1, 147.4 -19.3, 148.3 -20, 150.5 -22.2, 150.6 -22.3, 151.2 -23.5, 151.3 -23.8))"
"update regions set simplified_polygon = ""POLYGON((152.4 -28.3, 150.8 -32.1, 150.8 -32.2, 150.7 -32.2, 150.3 -32.3, 148.6 -32.5, 148.3 -32.3, 148.3 -32.2, 147.3 -29.9, 145.9 -24.6, 145.9 -24.5, 146 -24.1, 146 -23.9, 146.2 -23.6, 149.7 -22.8, 150.3 -23.2, 151.1 -23.7, 151.3 -24, 151.3 -24.1, 152.4 -28.1, 152.4 -28.2, 152.4 -28.3))"" where region_type_regiontype = ""IBRA"" and shapefile_id = 6;",6,IBRA,"POLYGON((152.4 -28.3, 150.8 -32.1, 150.8 -32.2, 150.7 -32.2, 150.3 -32.3, 148.6 -32.5, 148.3 -32.3, 148.3 -32.2, 147.3 -29.9, 145.9 -24.6, 145.9 -24.5, 146 -24.1, 146 -23.9, 146.2 -23.6, 149.7 -22.8, 150.3 -23.2, 151.1 -23.7, 151.3 -24, 151.3 -24.1, 152.4 -28.1, 152.4 -28.2, 152.4 -28.3))"
"update regions set simplified_polygon = ""POLYGON((148.3 -41.6, 148.3 -41.7, 148 -41.8, 147.9 -41.8, 147.6 -41.8, 147.5 -41.8, 147.4 -41.7, 146.9 -41.2, 146.9 -41.1, 147.7 -40.9, 147.9 -40.9, 148 -41, 148.1 -41.1, 148.3 -41.2, 148.3 -41.6))"" where region_type_regiontype = ""IBRA"" and shapefile_id = 7;",7,IBRA,"POLYGON((148.3 -41.6, 148.3 -41.7, 148 -41.8, 147.9 -41.8, 147.6 -41.8, 147.5 -41.8, 147.4 -41.7, 146.9 -41.2, 146.9 -41.1, 147.7 -40.9, 147.9 -40.9, 148 -41, 148.1 -41.1, 148.3 -41.2, 148.3 -41.6))"
"update regions set simplified_polygon = ""POLYGON((143.4 -31.1, 142.9 -32.1, 141.8 -32.6, 141.6 -32.7, 141.4 -32.8, 141.3 -32.8, 141.2 -32.8, 140.6 -32.6, 139.8 -32.3, 139.3 -31.9, 139.1 -31.8, 139.2 -31.1, 139.2 -31, 139.3 -31, 139.4 -30.8, 142 -30.3, 142.2 -30.3, 142.7 -30.6, 143.4 -31.1))"" where region_type_regiontype = ""IBRA"" and shapefile_id = 8;",8,IBRA,"POLYGON((143.4 -31.1, 142.9 -32.1, 141.8 -32.6, 141.6 -32.7, 141.4 -32.8, 141.3 -32.8, 141.2 -32.8, 140.6 -32.6, 139.8 -32.3, 139.3 -31.9, 139.1 -31.8, 139.2 -31.1, 139.2 -31, 139.3 -31, 139.4 -30.8, 142 -30.3, 142.2 -30.3, 142.7 -30.6, 143.4 -31.1))"
"update regions set simplified_polygon = ""POLYGON((136 -23.3, 135.5 -23.9, 133.1 -23.6, 132.1 -23.4, 132 -23.4, 130.2 -22.5, 130.1 -22.5, 130.1 -22.4, 130.2 -22.4, 130.2 -22.3, 130.2 -22.2, 130.3 -22.2, 130.4 -22.1, 130.5 -22.1, 133 -21.1, 133.6 -20.9, 133.7 -20.9, 133.7 -21, 133.9 -21.1, 134.1 -21.2, 135.8 -22.2, 136.2 -22.8, 136 -23.3))"" where region_type_regiontype = ""IBRA"" and shapefile_id = 9;",9,IBRA,"POLYGON((136 -23.3, 135.5 -23.9, 133.1 -23.6, 132.1 -23.4, 132 -23.4, 130.2 -22.5, 130.1 -22.5, 130.1 -22.4, 130.2 -22.4, 130.2 -22.3, 130.2 -22.2, 130.3 -22.2, 130.4 -22.1, 130.5 -22.1, 133 -21.1, 133.6 -20.9, 133.7 -20.9, 133.7 -21, 133.9 -21.1, 134.1 -21.2, 135.8 -22.2, 136.2 -22.8, 136 -23.3))"
"update regions set simplified_polygon = ""POLYGON((115.6 -25.9, 115.4 -26.6, 115.4 -26.8, 114.7 -26.9, 114.6 -26.9, 114.5 -26.9, 114.3 -26.7, 113.7 -26.2, 113.6 -26.1, 113.4 -25.7, 113.4 -24.2, 113.6 -22.6, 113.7 -22.6, 113.9 -22, 114 -21.9, 115.5 -20.4, 115.6 -20.4, 115.6 -20.5, 115.7 -24.8, 115.6 -25.9))"" where region_type_regiontype = ""IBRA"" and shapefile_id = 10;",10,IBRA,"POLYGON((115.6 -25.9, 115.4 -26.6, 115.4 -26.8, 114.7 -26.9, 114.6 -26.9, 114.5 -26.9, 114.3 -26.7, 113.7 -26.2, 113.6 -26.1, 113.4 -25.7, 113.4 -24.2, 113.6 -22.6, 113.7 -22.6, 113.9 -22, 114 -21.9, 115.5 -20.4, 115.6 -20.4, 115.6 -20.5, 115.7 -24.8, 115.6 -25.9))"
"update regions set simplified_polygon = ""POLYGON((135.9 -14.4, 135.7 -14.4, 133.4 -13.9, 133.5 -13.4, 133.5 -13.3, 133.6 -13, 133.7 -13, 133.7 -12.9, 134.5 -12.6, 135.5 -12.6, 135.6 -12.6, 135.7 -12.6, 135.7 -12.7, 136 -13.8, 135.9 -14.4))"" where region_type_regiontype = ""IBRA"" and shapefile_id = 11;",11,IBRA,"POLYGON((135.9 -14.4, 135.7 -14.4, 133.4 -13.9, 133.5 -13.4, 133.5 -13.3, 133.6 -13, 133.7 -13, 133.7 -12.9, 134.5 -12.6, 135.5 -12.6, 135.6 -12.6, 135.7 -12.6, 135.7 -12.7, 136 -13.8, 135.9 -14.4))"
"update regions set simplified_polygon = ""POLYGON((128.4 -16.9, 128.4 -17, 127.8 -18.2, 127.2 -18.8, 127.1 -18.8, 127.1 -18.9, 126.6 -18.8, 126.4 -18.7, 126.2 -18.6, 124 -16.7, 124 -16.6, 124 -16.5, 127.5 -15.5, 127.7 -15.5, 127.9 -15.6, 128 -15.9, 128.4 -16.9))"" where region_type_regiontype = ""IBRA"" and shapefile_id = 12;",12,IBRA,"POLYGON((128.4 -16.9, 128.4 -17, 127.8 -18.2, 127.2 -18.8, 127.1 -18.8, 127.1 -18.9, 126.6 -18.8, 126.4 -18.7, 126.2 -18.6, 124 -16.7, 124 -16.6, 124 -16.5, 127.5 -15.5, 127.7 -15.5, 127.9 -15.6, 128 -15.9, 128.4 -16.9))"
"update regions set simplified_polygon = ""POLYGON((133.5 -27.6, 130.6 -27.7, 130.3 -27.7, 126.5 -26.3, 126.5 -26.2, 126.5 -25.9, 127.3 -24.6, 127.6 -24.3, 128.4 -23.7, 128.7 -23.5, 128.8 -23.5, 129.1 -23.6, 129.2 -23.6, 132.5 -26, 133.8 -26.9, 133.8 -27.1, 133.5 -27.6))"" where region_type_regiontype = ""IBRA"" and shapefile_id = 13;",13,IBRA,"POLYGON((133.5 -27.6, 130.6 -27.7, 130.3 -27.7, 126.5 -26.3, 126.5 -26.2, 126.5 -25.9, 127.3 -24.6, 127.6 -24.3, 128.4 -23.7, 128.7 -23.5, 128.8 -23.5, 129.1 -23.6, 129.2 -23.6, 132.5 -26, 133.8 -26.9, 133.8 -27.1, 133.5 -27.6))"
"update regions set simplified_polygon = ""POLYGON((143.8 -28.8, 143.7 -29.1, 143 -30.6, 142.9 -30.6, 141.9 -30.4, 141.6 -30.3, 138.3 -28.7, 138 -28.6, 135.7 -22.4, 135.7 -22.3, 135.8 -22.2, 135.8 -22.1, 135.9 -22.1, 136 -22, 136 -21.9, 136.6 -21.5, 142.8 -22.5, 143.2 -22.5, 143.2 -22.6, 143.3 -22.6, 143.4 -23, 143.7 -25, 143.8 -28, 143.8 -28.8))"" where region_type_regiontype = ""IBRA"" and shapefile_id = 14;",14,IBRA,"POLYGON((143.8 -28.8, 143.7 -29.1, 143 -30.6, 142.9 -30.6, 141.9 -30.4, 141.6 -30.3, 138.3 -28.7, 138 -28.6, 135.7 -22.4, 135.7 -22.3, 135.8 -22.2, 135.8 -22.1, 135.9 -22.1, 136 -22, 136 -21.9, 136.6 -21.5, 142.8 -22.5, 143.2 -22.5, 143.2 -22.6, 143.3 -22.6, 143.4 -23, 143.7 -25, 143.8 -28, 143.8 -28.8))"
"update regions set simplified_polygon = ""POLYGON((151.1 -23.2, 151 -23.2, 149.5 -22.8, 149.3 -22.7, 148.6 -21.4, 148.5 -21.3, 148.4 -21.1, 148.2 -20.5, 148.2 -20.4, 148.4 -19.7, 149 -20.1, 149.2 -20.2, 149.9 -21, 150.3 -21.5, 150.7 -21.9, 150.7 -22, 151 -22.7, 151.1 -23.2))"" where region_type_regiontype = ""IBRA"" and shapefile_id = 15;",15,IBRA,"POLYGON((151.1 -23.2, 151 -23.2, 149.5 -22.8, 149.3 -22.7, 148.6 -21.4, 148.5 -21.3, 148.4 -21.1, 148.2 -20.5, 148.2 -20.4, 148.4 -19.7, 149 -20.1, 149.2 -20.2, 149.9 -21, 150.3 -21.5, 150.7 -21.9, 150.7 -22, 151 -22.7, 151.1 -23.2))"
"update regions set simplified_polygon = ""POLYGON((126.6 -31.9, 126.5 -32, 125.1 -32.6, 123.8 -33.2, 123.6 -33.3, 123.4 -33.3, 123.3 -33.3, 119.7 -32.6, 117.7 -30, 117.7 -29.9, 117.6 -29.8, 117.7 -29.8, 118.9 -29.7, 119 -29.7, 120.5 -29.9, 124.1 -30.5, 126.6 -31.9))"" where region_type_regiontype = ""IBRA"" and shapefile_id = 16;",16,IBRA,"POLYGON((126.6 -31.9, 126.5 -32, 125.1 -32.6, 123.8 -33.2, 123.6 -33.3, 123.4 -33.3, 123.3 -33.3, 119.7 -32.6, 117.7 -30, 117.7 -29.9, 117.6 -29.8, 117.7 -29.8, 118.9 -29.7, 119 -29.7, 120.5 -29.9, 124.1 -30.5, 126.6 -31.9))"
"update regions set simplified_polygon = ""POLYGON((147.6 -32.9, 146.8 -34.3, 146.7 -34.3, 146.6 -34.3, 146 -34.3, 145.8 -34.1, 144.2 -32.1, 144.2 -31.8, 144.7 -30.8, 144.8 -30.8, 145.1 -30.5, 145.6 -30.3, 146.2 -30.1, 146.3 -30.1, 146.5 -30.1, 146.9 -30.4, 147.6 -32.4, 147.6 -32.5, 147.6 -32.9))"" where region_type_regiontype = ""IBRA"" and shapefile_id = 17;",17,IBRA,"POLYGON((147.6 -32.9, 146.8 -34.3, 146.7 -34.3, 146.6 -34.3, 146 -34.3, 145.8 -34.1, 144.2 -32.1, 144.2 -31.8, 144.7 -30.8, 144.8 -30.8, 145.1 -30.5, 145.6 -30.3, 146.2 -30.1, 146.3 -30.1, 146.5 -30.1, 146.9 -30.4, 147.6 -32.4, 147.6 -32.5, 147.6 -32.9))"
"update regions set simplified_polygon = ""POLYGON((155.8 -21.2, 155.6 -23.3, 155.5 -23.3, 153.5 -21.9, 148.4 -17.7, 147.8 -16.5, 147.9 -16.5, 149.6 -15.7, 155.8 -17.4, 155.9 -17.4, 155.8 -21.2))"" where region_type_regiontype = ""IBRA"" and shapefile_id = 18;",18,IBRA,"POLYGON((155.8 -21.2, 155.6 -23.3, 155.5 -23.3, 153.5 -21.9, 148.4 -17.7, 147.8 -16.5, 147.9 -16.5, 149.6 -15.7, 155.8 -17.4, 155.9 -17.4, 155.8 -21.2))"
"update regions set simplified_polygon = ""POLYGON((145.5 -14.9, 145.4 -15.5, 145.3 -15.7, 145.1 -15.9, 144.1 -16.5, 143.9 -16.4, 142.9 -16, 142.3 -15.6, 141.7 -15.2, 141.6 -14.9, 141.6 -14.7, 141.5 -14.5, 141.5 -13.9, 141.4 -9.8, 141.6 -9.5, 142.1 -9.2, 142.2 -9.2, 143.9 -9.1, 145.5 -14.6, 145.5 -14.9))"" where region_type_regiontype = ""IBRA"" and shapefile_id = 19;",19,IBRA,"POLYGON((145.5 -14.9, 145.4 -15.5, 145.3 -15.7, 145.1 -15.9, 144.1 -16.5, 143.9 -16.4, 142.9 -16, 142.3 -15.6, 141.7 -15.2, 141.6 -14.9, 141.6 -14.7, 141.5 -14.5, 141.5 -13.9, 141.4 -9.8, 141.6 -9.5, 142.1 -9.2, 142.2 -9.2, 143.9 -9.1, 145.5 -14.6, 145.5 -14.9))"
"update regions set simplified_polygon = ""POLYGON((133 -14.6, 132.9 -14.6, 132.9 -14.7, 132.9 -14.8, 132.5 -14.9, 132.3 -14.9, 131.8 -15, 131.4 -15, 131.4 -14.9, 131.3 -14.8, 130.8 -14, 130.7 -13.9, 130.7 -13.8, 130.7 -13.5, 130.9 -13.3, 131.3 -13.5, 131.4 -13.5, 133 -14.5, 133 -14.6))"" where region_type_regiontype = ""IBRA"" and shapefile_id = 20;",20,IBRA,"POLYGON((133 -14.6, 132.9 -14.6, 132.9 -14.7, 132.9 -14.8, 132.5 -14.9, 132.3 -14.9, 131.8 -15, 131.4 -15, 131.4 -14.9, 131.3 -14.8, 130.8 -14, 130.7 -13.9, 130.7 -13.8, 130.7 -13.5, 130.9 -13.3, 131.3 -13.5, 131.4 -13.5, 133 -14.5, 133 -14.6))"
"update regions set simplified_polygon = ""POLYGON((132.9 -12.5, 132.5 -12.8, 129.8 -14.5, 129.7 -14.6, 129.6 -14.6, 129.5 -14.6, 129.5 -14.5, 129.4 -14.4, 129.4 -14.3, 129.5 -14, 130 -13.1, 130.1 -12.9, 130.4 -12.5, 131 -12, 132.8 -11.7, 132.9 -11.7, 133 -11.7, 133 -11.8, 133.1 -12.3, 132.9 -12.5))"" where region_type_regiontype = ""IBRA"" and shapefile_id = 21;",21,IBRA,"POLYGON((132.9 -12.5, 132.5 -12.8, 129.8 -14.5, 129.7 -14.6, 129.6 -14.6, 129.5 -14.6, 129.5 -14.5, 129.4 -14.4, 129.4 -14.3, 129.5 -14, 130 -13.1, 130.1 -12.9, 130.4 -12.5, 131 -12, 132.8 -11.7, 132.9 -11.7, 133 -11.7, 133 -11.8, 133.1 -12.3, 132.9 -12.5))"
"update regions set simplified_polygon = ""POLYGON((126.3 -18.2, 126.2 -18.3, 126 -18.4, 124.8 -18.9, 122 -19.7, 119.5 -20.3, 119.4 -20.3, 119.4 -20.2, 119.4 -20.1, 122.1 -16.9, 122.9 -16.4, 123 -16.3, 124.2 -16.8, 124.4 -16.8, 126.2 -18, 126.3 -18.2))"" where region_type_regiontype = ""IBRA"" and shapefile_id = 22;",22,IBRA,"POLYGON((126.3 -18.2, 126.2 -18.3, 126 -18.4, 124.8 -18.9, 122 -19.7, 119.5 -20.3, 119.4 -20.3, 119.4 -20.2, 119.4 -20.1, 122.1 -16.9, 122.9 -16.4, 123 -16.3, 124.2 -16.8, 124.4 -16.8, 126.2 -18, 126.3 -18.2))"
"update regions set simplified_polygon = ""POLYGON((146.7 -23.6, 146.6 -23.7, 146.4 -23.9, 146 -24.5, 146 -24.6, 145.9 -24.6, 145.1 -23.9, 144.6 -22.5, 144.5 -22.4, 144.3 -21, 144.6 -20.4, 144.8 -20.3, 145.9 -19.8, 146 -19.8, 146.2 -19.9, 146.3 -19.9, 146.3 -20, 146.5 -20.4, 146.6 -20.7, 146.7 -22.8, 146.7 -23.3, 146.7 -23.6))"" where region_type_regiontype = ""IBRA"" and shapefile_id = 23;",23,IBRA,"POLYGON((146.7 -23.6, 146.6 -23.7, 146.4 -23.9, 146 -24.5, 146 -24.6, 145.9 -24.6, 145.1 -23.9, 144.6 -22.5, 144.5 -22.4, 144.3 -21, 144.6 -20.4, 144.8 -20.3, 145.9 -19.8, 146 -19.8, 146.2 -19.9, 146.3 -19.9, 146.3 -20, 146.5 -20.4, 146.6 -20.7, 146.7 -22.8, 146.7 -23.3, 146.7 -23.6))"
"update regions set simplified_polygon = ""POLYGON((135.9 -21.7, 135.8 -21.8, 135.7 -21.8, 135.7 -21.7, 135.6 -21.7, 134.8 -21.3, 134 -20.5, 133.6 -19.4, 133.5 -19.4, 133.5 -19, 133.5 -18.1, 133.6 -18, 133.8 -18, 136.8 -19.9, 136.9 -19.9, 135.9 -21.7))"" where region_type_regiontype = ""IBRA"" and shapefile_id = 24;",24,IBRA,"POLYGON((135.9 -21.7, 135.8 -21.8, 135.7 -21.8, 135.7 -21.7, 135.6 -21.7, 134.8 -21.3, 134 -20.5, 133.6 -19.4, 133.5 -19.4, 133.5 -19, 133.5 -18.1, 133.6 -18, 133.8 -18, 136.8 -19.9, 136.9 -19.9, 135.9 -21.7))"
"update regions set simplified_polygon = ""POLYGON((150.8 -28.7, 150.7 -28.8, 148.3 -32.7, 148.2 -32.7, 141.8 -34.1, 141.7 -33.9, 141.6 -33.1, 141.9 -32.6, 141.9 -32.5, 144 -30.9, 147.1 -28.7, 148.6 -27.9, 149.9 -28.2, 150.2 -28.3, 150.8 -28.6, 150.8 -28.7))"" where region_type_regiontype = ""IBRA"" and shapefile_id = 25;",25,IBRA,"POLYGON((150.8 -28.7, 150.7 -28.8, 148.3 -32.7, 148.2 -32.7, 141.8 -34.1, 141.7 -33.9, 141.6 -33.1, 141.9 -32.6, 141.9 -32.5, 144 -30.9, 147.1 -28.7, 148.6 -27.9, 149.9 -28.2, 150.2 -28.3, 150.8 -28.6, 150.8 -28.7))"
"update regions set simplified_polygon = ""POLYGON((147.7 -20.9, 147.7 -21, 143.5 -20.8, 143.4 -20.8, 143.4 -20.7, 142.2 -18.2, 142.2 -18.1, 142.2 -18, 144 -15.6, 144.1 -15.6, 144.9 -15.7, 145 -15.8, 145.1 -15.9, 147.7 -20.8, 147.7 -20.9))"" where region_type_regiontype = ""IBRA"" and shapefile_id = 26;",26,IBRA,"POLYGON((147.7 -20.9, 147.7 -21, 143.5 -20.8, 143.4 -20.8, 143.4 -20.7, 142.2 -18.2, 142.2 -18.1, 142.2 -18, 144 -15.6, 144.1 -15.6, 144.9 -15.7, 145 -15.8, 145.1 -15.9, 147.7 -20.8, 147.7 -20.9))"
"update regions set simplified_polygon = ""POLYGON((124.1 -33.9, 123.9 -34.1, 123.5 -34.4, 118.5 -34.9, 118.4 -34.9, 118.2 -34.9, 117.9 -34.6, 117.8 -34.5, 117.7 -34.5, 117.7 -34.3, 117.9 -34.2, 119.6 -33.2, 124.9 -32.8, 124.1 -33.9))"" where region_type_regiontype = ""IBRA"" and shapefile_id = 27;",27,IBRA,"POLYGON((124.1 -33.9, 123.9 -34.1, 123.5 -34.4, 118.5 -34.9, 118.4 -34.9, 118.2 -34.9, 117.9 -34.6, 117.8 -34.5, 117.7 -34.5, 117.7 -34.3, 117.9 -34.2, 119.6 -33.2, 124.9 -32.8, 124.1 -33.9))"
"update regions set simplified_polygon = ""POLYGON((138.8 -34.6, 138.7 -34.8, 138.6 -35, 138.5 -35, 136.9 -35.4, 136.1 -35.3, 134.7 -34.8, 132.1 -32.1, 132.1 -31.9, 132.1 -31.8, 132.1 -31.7, 132.2 -31.7, 133 -31.8, 133.3 -31.8, 133.8 -31.9, 137.9 -32.7, 137.9 -32.8, 138 -32.8, 138.3 -33.4, 138.6 -33.9, 138.8 -34.5, 138.8 -34.6))"" where region_type_regiontype = ""IBRA"" and shapefile_id = 28;",28,IBRA,"POLYGON((138.8 -34.6, 138.7 -34.8, 138.6 -35, 138.5 -35, 136.9 -35.4, 136.1 -35.3, 134.7 -34.8, 132.1 -32.1, 132.1 -31.9, 132.1 -31.8, 132.1 -31.7, 132.2 -31.7, 133 -31.8, 133.3 -31.8, 133.8 -31.9, 137.9 -32.7, 137.9 -32.8, 138 -32.8, 138.3 -33.4, 138.6 -33.9, 138.8 -34.5, 138.8 -34.6))"
"update regions set simplified_polygon = ""POLYGON((135.3 -27.1, 135.3 -27.2, 134.6 -27.2, 133 -27.1, 132.9 -27.1, 131.6 -25.9, 131.6 -25.8, 131.5 -25, 131.5 -24.9, 131.6 -24.8, 131.6 -24.7, 131.7 -24.7, 133.7 -23.8, 133.9 -23.8, 133.9 -23.7, 134 -23.8, 134.2 -24.1, 134.3 -24.1, 135.1 -25.9, 135.3 -26.7, 135.3 -27.1))"" where region_type_regiontype = ""IBRA"" and shapefile_id = 29;",29,IBRA,"POLYGON((135.3 -27.1, 135.3 -27.2, 134.6 -27.2, 133 -27.1, 132.9 -27.1, 131.6 -25.9, 131.6 -25.8, 131.5 -25, 131.5 -24.9, 131.6 -24.8, 131.6 -24.7, 131.7 -24.7, 133.7 -23.8, 133.9 -23.8, 133.9 -23.7, 134 -23.8, 134.2 -24.1, 134.3 -24.1, 135.1 -25.9, 135.3 -26.7, 135.3 -27.1))"
"update regions set simplified_polygon = ""POLYGON((140.7 -32.2, 140.7 -32.3, 140.7 -32.4, 140.6 -32.6, 138.9 -35.1, 138.9 -35.2, 138.8 -35.2, 138.4 -35.4, 138.3 -35.4, 137.8 -32.5, 137.5 -30, 137.6 -29.8, 137.8 -29.7, 138 -29.7, 139.5 -29.8, 139.6 -29.8, 139.7 -29.9, 140.7 -32.2))"" where region_type_regiontype = ""IBRA"" and shapefile_id = 30;",30,IBRA,"POLYGON((140.7 -32.2, 140.7 -32.3, 140.7 -32.4, 140.6 -32.6, 138.9 -35.1, 138.9 -35.2, 138.8 -35.2, 138.4 -35.4, 138.3 -35.4, 137.8 -32.5, 137.5 -30, 137.6 -29.8, 137.8 -29.7, 138 -29.7, 139.5 -29.8, 139.6 -29.8, 139.7 -29.9, 140.7 -32.2))"
"update regions set simplified_polygon = ""POLYGON((148.3 -41.6, 148.3 -41.7, 146.4 -41.2, 146.3 -41.2, 146.2 -39.1, 146.2 -39, 146.4 -38.8, 146.5 -38.8, 148 -39.6, 148.4 -39.9, 148.5 -40.4, 148.3 -41.6))"" where region_type_regiontype = ""IBRA"" and shapefile_id = 31;",31,IBRA,"POLYGON((148.3 -41.6, 148.3 -41.7, 146.4 -41.2, 146.3 -41.2, 146.2 -39.1, 146.2 -39, 146.4 -38.8, 146.5 -38.8, 148 -39.6, 148.4 -39.9, 148.5 -40.4, 148.3 -41.6))"
"update regions set simplified_polygon = ""POLYGON((123.6 -25.8, 123.5 -26.2, 123.4 -26.7, 122.6 -26.8, 122.1 -26.8, 115.6 -26.1, 115.5 -26.1, 115.4 -25.8, 115 -23.6, 114.9 -22.9, 115.1 -22.7, 115.3 -22.7, 116.7 -22.7, 120.7 -23.3, 120.9 -23.4, 123 -25, 123.1 -25.2, 123.6 -25.8))"" where region_type_regiontype = ""IBRA"" and shapefile_id = 32;",32,IBRA,"POLYGON((123.6 -25.8, 123.5 -26.2, 123.4 -26.7, 122.6 -26.8, 122.1 -26.8, 115.6 -26.1, 115.5 -26.1, 115.4 -25.8, 115 -23.6, 114.9 -22.9, 115.1 -22.7, 115.3 -22.7, 116.7 -22.7, 120.7 -23.3, 120.9 -23.4, 123 -25, 123.1 -25.2, 123.6 -25.8))"
"update regions set simplified_polygon = ""POLYGON((138.3 -31.4, 138.3 -31.6, 138 -32.8, 137.8 -33, 137.4 -33.4, 137.2 -33.4, 135.7 -32.8, 135.6 -32.8, 135.4 -32.7, 135.2 -32.6, 132.6 -30.1, 132.3 -29.8, 132.3 -29.7, 132.4 -29.7, 132.6 -29.5, 132.7 -29.5, 134.3 -29.2, 134.4 -29.2, 137.2 -29.5, 137.3 -29.5, 138.3 -30.1, 138.3 -30.2, 138.4 -31.2, 138.3 -31.4))"" where region_type_regiontype = ""IBRA"" and shapefile_id = 33;",33,IBRA,"POLYGON((138.3 -31.4, 138.3 -31.6, 138 -32.8, 137.8 -33, 137.4 -33.4, 137.2 -33.4, 135.7 -32.8, 135.6 -32.8, 135.4 -32.7, 135.2 -32.6, 132.6 -30.1, 132.3 -29.8, 132.3 -29.7, 132.4 -29.7, 132.6 -29.5, 132.7 -29.5, 134.3 -29.2, 134.4 -29.2, 137.2 -29.5, 137.3 -29.5, 138.3 -30.1, 138.3 -30.2, 138.4 -31.2, 138.3 -31.4))"
"update regions set simplified_polygon = ""POLYGON((116.6 -30.3, 116.6 -30.4, 115.6 -30.8, 115.5 -30.8, 115.4 -30.7, 113.9 -28.9, 113.8 -28.8, 113.6 -28.3, 113.8 -26.9, 114.5 -27.1, 115.1 -27.6, 115.3 -27.8, 115.4 -28, 115.5 -28, 116.6 -30.3))"" where region_type_regiontype = ""IBRA"" and shapefile_id = 34;",34,IBRA,"POLYGON((116.6 -30.3, 116.6 -30.4, 115.6 -30.8, 115.5 -30.8, 115.4 -30.7, 113.9 -28.9, 113.8 -28.8, 113.6 -28.3, 113.8 -26.9, 114.5 -27.1, 115.1 -27.6, 115.3 -27.8, 115.4 -28, 115.5 -28, 116.6 -30.3))"
"update regions set simplified_polygon = ""POLYGON((138.5 -18.8, 136.6 -19, 134.4 -17.9, 134.3 -17.8, 132.9 -14.8, 133 -14.4, 133 -14.3, 133.1 -14.2, 133.4 -13.9, 134.4 -13.8, 134.5 -13.9, 134.7 -13.9, 134.8 -13.9, 134.9 -14, 135.5 -14.3, 138.4 -17.5, 138.5 -17.7, 138.5 -18.1, 138.5 -18.8))"" where region_type_regiontype = ""IBRA"" and shapefile_id = 35;",35,IBRA,"POLYGON((138.5 -18.8, 136.6 -19, 134.4 -17.9, 134.3 -17.8, 132.9 -14.8, 133 -14.4, 133 -14.3, 133.1 -14.2, 133.4 -13.9, 134.4 -13.8, 134.5 -13.9, 134.7 -13.9, 134.8 -13.9, 134.9 -14, 135.5 -14.3, 138.4 -17.5, 138.5 -17.7, 138.5 -18.1, 138.5 -18.8))"
"update regions set simplified_polygon = ""POLYGON((128.7 -23.5, 127.2 -26.4, 126.7 -27, 126 -27.3, 125.9 -27.3, 125.7 -27.2, 124.5 -26.2, 124.2 -25.8, 123.9 -25.3, 123.9 -25.2, 123.9 -25, 123.9 -24.7, 124.4 -22.5, 124.4 -22.4, 124.5 -22.4, 125.1 -22.2, 125.7 -22, 125.8 -22, 126.8 -22.2, 126.8 -22.3, 128.6 -23.1, 128.7 -23.5))"" where region_type_regiontype = ""IBRA"" and shapefile_id = 36;",36,IBRA,"POLYGON((128.7 -23.5, 127.2 -26.4, 126.7 -27, 126 -27.3, 125.9 -27.3, 125.7 -27.2, 124.5 -26.2, 124.2 -25.8, 123.9 -25.3, 123.9 -25.2, 123.9 -25, 123.9 -24.7, 124.4 -22.5, 124.4 -22.4, 124.5 -22.4, 125.1 -22.2, 125.7 -22, 125.8 -22, 126.8 -22.2, 126.8 -22.3, 128.6 -23.1, 128.7 -23.5))"
"update regions set simplified_polygon = ""POLYGON((133.4 -23.3, 131.6 -25.8, 131.3 -25.8, 131 -25.7, 123.4 -23.2, 123.2 -23.1, 123.2 -23, 123.1 -23, 121.8 -22.1, 119.4 -20.3, 119.4 -20.2, 122.3 -19.1, 122.7 -18.9, 123 -18.8, 123.1 -18.8, 123.2 -18.8, 124.5 -18.7, 127.5 -19.3, 133.1 -22.8, 133.2 -22.8, 133.4 -23.2, 133.4 -23.3))"" where region_type_regiontype = ""IBRA"" and shapefile_id = 37;",37,IBRA,"POLYGON((133.4 -23.3, 131.6 -25.8, 131.3 -25.8, 131 -25.7, 123.4 -23.2, 123.2 -23.1, 123.2 -23, 123.1 -23, 121.8 -22.1, 119.4 -20.3, 119.4 -20.2, 122.3 -19.1, 122.7 -18.9, 123 -18.8, 123.1 -18.8, 123.2 -18.8, 124.5 -18.7, 127.5 -19.3, 133.1 -22.8, 133.2 -22.8, 133.4 -23.2, 133.4 -23.3))"
"update regions set simplified_polygon = ""POLYGON((138 -17.1, 137.9 -17.2, 137.8 -17.2, 137.7 -17.3, 137.6 -17.2, 137.5 -17.2, 137.4 -17.2, 137.1 -17.1, 137 -17, 135.6 -15.7, 135.2 -15.3, 135.2 -15.2, 135.1 -15.1, 135.1 -14.9, 135.1 -14.7, 135.2 -14.6, 135.5 -14.3, 135.6 -14.4, 137 -15.5, 137.1 -15.6, 137.7 -16.2, 138 -17, 138 -17.1))"" where region_type_regiontype = ""IBRA"" and shapefile_id = 38;",38,IBRA,"POLYGON((138 -17.1, 137.9 -17.2, 137.8 -17.2, 137.7 -17.3, 137.6 -17.2, 137.5 -17.2, 137.4 -17.2, 137.1 -17.1, 137 -17, 135.6 -15.7, 135.2 -15.3, 135.2 -15.2, 135.1 -15.1, 135.1 -14.9, 135.1 -14.7, 135.2 -14.6, 135.5 -14.3, 135.6 -14.4, 137 -15.5, 137.1 -15.6, 137.7 -16.2, 138 -17, 138 -17.1))"
"update regions set simplified_polygon = ""POLYGON((144.3 -20.2, 143.8 -20.5, 143.3 -20.7, 141 -21.7, 140.9 -21.7, 138.5 -18.8, 138.1 -17.7, 137.7 -16.7, 137.7 -16.5, 137.7 -16.3, 141.7 -15, 143.5 -15.8, 143.6 -15.9, 143.8 -16, 144.2 -16.5, 144.3 -16.7, 144.3 -16.8, 144.4 -20, 144.3 -20.2))"" where region_type_regiontype = ""IBRA"" and shapefile_id = 39;",39,IBRA,"POLYGON((144.3 -20.2, 143.8 -20.5, 143.3 -20.7, 141 -21.7, 140.9 -21.7, 138.5 -18.8, 138.1 -17.7, 137.7 -16.7, 137.7 -16.5, 137.7 -16.3, 141.7 -15, 143.5 -15.8, 143.6 -15.9, 143.8 -16, 144.2 -16.5, 144.3 -16.7, 144.3 -16.8, 144.4 -20, 144.3 -20.2))"
"update regions set simplified_polygon = ""POLYGON((135.6 -32, 135.6 -32.1, 135.2 -32.6, 124.1 -30.8, 123.7 -30.6, 123.6 -30.6, 123.5 -30.4, 123 -30.1, 122.8 -29.9, 122.6 -29.5, 122.4 -28, 122.4 -27.6, 122.7 -26.8, 123.4 -25.9, 123.5 -25.9, 124.1 -25.6, 124.2 -25.6, 128.7 -26, 130.5 -26.2, 132.6 -26.6, 132.7 -26.7, 132.8 -26.8, 133.8 -27.4, 134.1 -27.8, 134.3 -28.3, 135.6 -32))"" where region_type_regiontype = ""IBRA"" and shapefile_id = 40;",40,IBRA,"POLYGON((135.6 -32, 135.6 -32.1, 135.2 -32.6, 124.1 -30.8, 123.7 -30.6, 123.6 -30.6, 123.5 -30.4, 123 -30.1, 122.8 -29.9, 122.6 -29.5, 122.4 -28, 122.4 -27.6, 122.7 -26.8, 123.4 -25.9, 123.5 -25.9, 124.1 -25.6, 124.2 -25.6, 128.7 -26, 130.5 -26.2, 132.6 -26.6, 132.7 -26.7, 132.8 -26.8, 133.8 -27.4, 134.1 -27.8, 134.3 -28.3, 135.6 -32))"
"update regions set simplified_polygon = ""POLYGON((128.1 -32.1, 128 -32.1, 127.5 -32.2, 127.3 -32.3, 127.2 -32.3, 127 -32.3, 126.9 -32.3, 126.7 -32.3, 126.1 -32.3, 126 -32.3, 126.6 -31.9, 126.9 -31.8, 127.9 -31.7, 129 -31.6, 129.1 -31.6, 129.2 -31.5, 129.3 -31.5, 129.4 -31.6, 128.1 -32.1))"" where region_type_regiontype = ""IBRA"" and shapefile_id = 41;",41,IBRA,"POLYGON((128.1 -32.1, 128 -32.1, 127.5 -32.2, 127.3 -32.3, 127.2 -32.3, 127 -32.3, 126.9 -32.3, 126.7 -32.3, 126.1 -32.3, 126 -32.3, 126.6 -31.9, 126.9 -31.8, 127.9 -31.7, 129 -31.6, 129.1 -31.6, 129.2 -31.5, 129.3 -31.5, 129.4 -31.6, 128.1 -32.1))"
"update regions set simplified_polygon = ""POLYGON((123.6 -14.1, 96.8 -12.2, 96.8 -12.1, 96.8 -11.8, 105.7 -10.4, 123.1 -12.2, 123.2 -12.2, 123.6 -14.1))"" where region_type_regiontype = ""IBRA"" and shapefile_id = 42;",42,IBRA,"POLYGON((123.6 -14.1, 96.8 -12.2, 96.8 -12.1, 96.8 -11.8, 105.7 -10.4, 123.1 -12.2, 123.2 -12.2, 123.6 -14.1))"
"update regions set simplified_polygon = ""POLYGON((118.3 -34.8, 118.2 -35, 118.1 -35.1, 117.6 -35.1, 116.9 -34.9, 115.1 -34.2, 115 -33.7, 115 -33.5, 116 -30.8, 116 -30.7, 116.1 -30.7, 116.5 -31.2, 116.5 -31.3, 118.3 -34.8))"" where region_type_regiontype = ""IBRA"" and shapefile_id = 43;",43,IBRA,"POLYGON((118.3 -34.8, 118.2 -35, 118.1 -35.1, 117.6 -35.1, 116.9 -34.9, 115.1 -34.2, 115 -33.7, 115 -33.5, 116 -30.8, 116 -30.7, 116.1 -30.7, 116.5 -31.2, 116.5 -31.3, 118.3 -34.8))"
"update regions set simplified_polygon = ""POLYGON((139.2 -34.9, 139.2 -35.1, 138.8 -35.5, 138.6 -35.6, 138.3 -35.8, 137.2 -36.4, 136.7 -36.1, 136.5 -35.9, 136.6 -35.8, 136.6 -35.7, 139.3 -34.3, 139.2 -34.9))"" where region_type_regiontype = ""IBRA"" and shapefile_id = 44;",44,IBRA,"POLYGON((139.2 -34.9, 139.2 -35.1, 138.8 -35.5, 138.6 -35.6, 138.3 -35.8, 137.2 -36.4, 136.7 -36.1, 136.5 -35.9, 136.6 -35.8, 136.6 -35.7, 139.3 -34.3, 139.2 -34.9))"
"update regions set simplified_polygon = ""POLYGON((145.7 -41, 144.8 -41.5, 144.7 -41.4, 143.9 -40.1, 143.8 -39.9, 143.8 -39.7, 143.9 -39.6, 144 -39.6, 144.1 -39.6, 145.7 -40.9, 145.7 -41))"" where region_type_regiontype = ""IBRA"" and shapefile_id = 45;",45,IBRA,"POLYGON((145.7 -41, 144.8 -41.5, 144.7 -41.4, 143.9 -40.1, 143.8 -39.9, 143.8 -39.7, 143.9 -39.6, 144 -39.6, 144.1 -39.6, 145.7 -40.9, 145.7 -41))"
"update regions set simplified_polygon = ""POLYGON((124.2 -25.6, 123.7 -26, 120.7 -25.4, 120.6 -25.4, 120.1 -25.2, 120 -25.2, 120 -25.1, 119.8 -24.4, 121.3 -21.5, 122 -21.6, 122.1 -21.6, 122.2 -21.7, 124.4 -23.3, 124.5 -23.3, 124.5 -23.4, 124.5 -24.3, 124.2 -25.6))"" where region_type_regiontype = ""IBRA"" and shapefile_id = 46;",46,IBRA,"POLYGON((124.2 -25.6, 123.7 -26, 120.7 -25.4, 120.6 -25.4, 120.1 -25.2, 120 -25.2, 120 -25.1, 119.8 -24.4, 121.3 -21.5, 122 -21.6, 122.1 -21.6, 122.2 -21.7, 124.4 -23.3, 124.5 -23.3, 124.5 -23.4, 124.5 -24.3, 124.2 -25.6))"
"update regions set simplified_polygon = ""POLYGON((135.5 -23.8, 135.5 -23.9, 135.4 -23.9, 135.3 -24, 133.7 -24.4, 132.4 -24.6, 132 -24.6, 132 -24.5, 131.9 -24.5, 131.8 -24.5, 131.5 -24.3, 131.4 -24.3, 131.3 -24.2, 131.2 -23.4, 131.2 -23.3, 131.3 -23.2, 131.7 -23.2, 134.3 -23, 134.9 -23, 135.2 -23, 135.3 -23.1, 135.4 -23.1, 135.4 -23.2, 135.5 -23.8))"" where region_type_regiontype = ""IBRA"" and shapefile_id = 47;",47,IBRA,"POLYGON((135.5 -23.8, 135.5 -23.9, 135.4 -23.9, 135.3 -24, 133.7 -24.4, 132.4 -24.6, 132 -24.6, 132 -24.5, 131.9 -24.5, 131.8 -24.5, 131.5 -24.3, 131.4 -24.3, 131.3 -24.2, 131.2 -23.4, 131.2 -23.3, 131.3 -23.2, 131.7 -23.2, 134.3 -23, 134.9 -23, 135.2 -23, 135.3 -23.1, 135.4 -23.1, 135.4 -23.2, 135.5 -23.8))"
"update regions set simplified_polygon = ""POLYGON((126.5 -32, 126.3 -32.2, 123.7 -33.7, 118.1 -34.3, 118 -34.3, 117.8 -34.2, 117.7 -34.2, 118 -32.4, 118 -32.3, 118.2 -32.2, 118.2 -32.1, 118.6 -32.1, 119.3 -32, 126.6 -31.9, 126.5 -32))"" where region_type_regiontype = ""IBRA"" and shapefile_id = 48;",48,IBRA,"POLYGON((126.5 -32, 126.3 -32.2, 123.7 -33.7, 118.1 -34.3, 118 -34.3, 117.8 -34.2, 117.7 -34.2, 118 -32.4, 118 -32.3, 118.2 -32.2, 118.2 -32.1, 118.6 -32.1, 119.3 -32, 126.6 -31.9, 126.5 -32))"
"update regions set simplified_polygon = ""POLYGON((146.2 -33.1, 145.8 -34.2, 143.2 -36.9, 142.8 -37.3, 142.7 -37.3, 141.1 -37.3, 140.9 -37.2, 139.7 -36.3, 138.7 -35.5, 139.1 -33.7, 139.2 -33.2, 139.3 -33.1, 139.8 -32.9, 144.8 -30.8, 144.9 -30.8, 145 -30.8, 145.1 -30.9, 146.1 -32.7, 146.2 -33.1))"" where region_type_regiontype = ""IBRA"" and shapefile_id = 49;",49,IBRA,"POLYGON((146.2 -33.1, 145.8 -34.2, 143.2 -36.9, 142.8 -37.3, 142.7 -37.3, 141.1 -37.3, 140.9 -37.2, 139.7 -36.3, 138.7 -35.5, 139.1 -33.7, 139.2 -33.2, 139.3 -33.1, 139.8 -32.9, 144.8 -30.8, 144.9 -30.8, 145 -30.8, 145.1 -30.9, 146.1 -32.7, 146.2 -33.1))"
"update regions set simplified_polygon = ""POLYGON((147 -25.7, 147 -25.8, 146.9 -25.9, 146.9 -26, 146.8 -26.1, 146.7 -26.1, 146.6 -26.2, 146.4 -26.2, 144 -26.2, 140 -24.6, 137.7 -22.6, 136.7 -21.7, 133.3 -18, 133 -17, 133 -16.9, 133.3 -16.8, 133.4 -16.8, 136.2 -17.5, 144.7 -20.6, 147 -25.6, 147 -25.7))"" where region_type_regiontype = ""IBRA"" and shapefile_id = 50;",50,IBRA,"POLYGON((147 -25.7, 147 -25.8, 146.9 -25.9, 146.9 -26, 146.8 -26.1, 146.7 -26.1, 146.6 -26.2, 146.4 -26.2, 144 -26.2, 140 -24.6, 137.7 -22.6, 136.7 -21.7, 133.3 -18, 133 -17, 133 -16.9, 133.3 -16.8, 133.4 -16.8, 136.2 -17.5, 144.7 -20.6, 147 -25.6, 147 -25.7))"
"update regions set simplified_polygon = ""POLYGON((141 -21.6, 140.9 -21.8, 140.6 -22, 138.9 -22.3, 138.4 -21.6, 138.4 -21.5, 137.9 -18.7, 137.9 -18.6, 138 -18.6, 138.7 -18.4, 138.9 -18.4, 139.5 -18.9, 140.2 -19.4, 140.3 -19.4, 141 -20.9, 141 -21.6))"" where region_type_regiontype = ""IBRA"" and shapefile_id = 51;",51,IBRA,"POLYGON((141 -21.6, 140.9 -21.8, 140.6 -22, 138.9 -22.3, 138.4 -21.6, 138.4 -21.5, 137.9 -18.7, 137.9 -18.6, 138 -18.6, 138.7 -18.4, 138.9 -18.4, 139.5 -18.9, 140.2 -19.4, 140.3 -19.4, 141 -20.9, 141 -21.6))"
"update regions set simplified_polygon = ""POLYGON((148.8 -27.3, 148.7 -28, 148.6 -28.1, 148.4 -28.4, 148.3 -28.4, 146.3 -29.8, 146 -30, 143.1 -31.8, 143 -31.9, 143 -31.8, 142.2 -30.3, 142.3 -26.2, 142.3 -26, 142.3 -25.9, 143.3 -24.4, 143.3 -24.3, 145.9 -24.7, 146.8 -25.1, 148.6 -27.1, 148.8 -27.3))"" where region_type_regiontype = ""IBRA"" and shapefile_id = 52;",52,IBRA,"POLYGON((148.8 -27.3, 148.7 -28, 148.6 -28.1, 148.4 -28.4, 148.3 -28.4, 146.3 -29.8, 146 -30, 143.1 -31.8, 143 -31.9, 143 -31.8, 142.2 -30.3, 142.3 -26.2, 142.3 -26, 142.3 -25.9, 143.3 -24.4, 143.3 -24.3, 145.9 -24.7, 146.8 -25.1, 148.6 -27.1, 148.8 -27.3))"
"update regions set simplified_polygon = ""POLYGON((123.8 -30.6, 123.7 -30.6, 123.6 -30.7, 121.7 -30.8, 121.6 -30.8, 117.7 -29.4, 117.6 -29.4, 115.3 -27.3, 115.4 -26.4, 115.5 -26.4, 115.5 -26.1, 115.8 -25.7, 115.9 -25.7, 115.9 -25.6, 116.5 -25.6, 117.6 -25.5, 120.3 -25.6, 120.5 -25.6, 120.5 -25.7, 122.8 -26.7, 123 -27.1, 123.8 -30.6))"" where region_type_regiontype = ""IBRA"" and shapefile_id = 53;",53,IBRA,"POLYGON((123.8 -30.6, 123.7 -30.6, 123.6 -30.7, 121.7 -30.8, 121.6 -30.8, 117.7 -29.4, 117.6 -29.4, 115.3 -27.3, 115.4 -26.4, 115.5 -26.4, 115.5 -26.1, 115.8 -25.7, 115.9 -25.7, 115.9 -25.6, 116.5 -25.6, 117.6 -25.5, 120.3 -25.6, 120.5 -25.6, 120.5 -25.7, 122.8 -26.7, 123 -27.1, 123.8 -30.6))"
"update regions set simplified_polygon = ""POLYGON((152.1 -28.4, 151.4 -31.4, 151.3 -31.5, 151.2 -31.6, 151.1 -31.6, 150.8 -31.7, 150.6 -31.5, 150.6 -31.4, 149.9 -30.3, 149.9 -30.1, 150 -30.1, 150.3 -29.5, 151.2 -28.1, 151.3 -28.1, 151.6 -28, 151.7 -28, 151.8 -28, 152.1 -28.3, 152.1 -28.4))"" where region_type_regiontype = ""IBRA"" and shapefile_id = 54;",54,IBRA,"POLYGON((152.1 -28.4, 151.4 -31.4, 151.3 -31.5, 151.2 -31.6, 151.1 -31.6, 150.8 -31.7, 150.6 -31.5, 150.6 -31.4, 149.9 -30.3, 149.9 -30.1, 150 -30.1, 150.3 -29.5, 151.2 -28.1, 151.3 -28.1, 151.6 -28, 151.7 -28, 151.8 -28, 152.1 -28.3, 152.1 -28.4))"
"update regions set simplified_polygon = ""POLYGON((141.7 -38.2, 141.7 -38.4, 141.6 -38.4, 141.5 -38.4, 141.4 -38.4, 140.6 -38, 140.4 -37.9, 140 -37.5, 139.9 -37.4, 139.8 -37.3, 139.7 -37.2, 139.7 -37, 139.3 -35.8, 139.3 -35.7, 139.4 -35.5, 139.7 -35.5, 139.9 -35.5, 139.9 -35.6, 140.5 -35.9, 141.4 -37.2, 141.7 -37.9, 141.7 -38.2))"" where region_type_regiontype = ""IBRA"" and shapefile_id = 55;",55,IBRA,"POLYGON((141.7 -38.2, 141.7 -38.4, 141.6 -38.4, 141.5 -38.4, 141.4 -38.4, 140.6 -38, 140.4 -37.9, 140 -37.5, 139.9 -37.4, 139.8 -37.3, 139.7 -37.2, 139.7 -37, 139.3 -35.8, 139.3 -35.7, 139.4 -35.5, 139.7 -35.5, 139.9 -35.5, 139.9 -35.6, 140.5 -35.9, 141.4 -37.2, 141.7 -37.9, 141.7 -38.2))"
"update regions set simplified_polygon = ""POLYGON((152.5 -30.4, 152.3 -31.2, 152.2 -31.2, 152.2 -31.3, 151.8 -31.6, 151.2 -31.7, 151.1 -31.7, 151.1 -31.6, 150.8 -30.4, 150.8 -30.2, 150.8 -29.8, 151.7 -28.6, 151.8 -28.5, 151.9 -28.4, 152 -28.4, 152.1 -28.4, 152.2 -28.5, 152.4 -29.5, 152.5 -30.4))"" where region_type_regiontype = ""IBRA"" and shapefile_id = 56;",56,IBRA,"POLYGON((152.5 -30.4, 152.3 -31.2, 152.2 -31.2, 152.2 -31.3, 151.8 -31.6, 151.2 -31.7, 151.1 -31.7, 151.1 -31.6, 150.8 -30.4, 150.8 -30.2, 150.8 -29.8, 151.7 -28.6, 151.8 -28.5, 151.9 -28.4, 152 -28.4, 152.1 -28.4, 152.2 -28.5, 152.4 -29.5, 152.5 -30.4))"
"update regions set simplified_polygon = ""POLYGON((153.1 -31.1, 152.9 -31.5, 152.5 -32.4, 152.2 -32.7, 152.1 -32.8, 151.8 -32.9, 151.7 -32.9, 151.4 -32.7, 151.3 -32.6, 151 -32.3, 150.9 -32.1, 150.9 -32, 150.9 -31.9, 150.9 -31.7, 152.1 -28.4, 152.2 -28.4, 152.3 -28.4, 152.3 -28.5, 153.4 -29.5, 153.4 -29.9, 153.1 -31.1))"" where region_type_regiontype = ""IBRA"" and shapefile_id = 57;",57,IBRA,"POLYGON((153.1 -31.1, 152.9 -31.5, 152.5 -32.4, 152.2 -32.7, 152.1 -32.8, 151.8 -32.9, 151.7 -32.9, 151.4 -32.7, 151.3 -32.6, 151 -32.3, 150.9 -32.1, 150.9 -32, 150.9 -31.9, 150.9 -31.7, 152.1 -28.4, 152.2 -28.4, 152.3 -28.4, 152.3 -28.5, 153.4 -29.5, 153.4 -29.9, 153.1 -31.1))"
"update regions set simplified_polygon = ""POLYGON((128.3 -15.3, 128 -15.5, 126.4 -16.5, 125.7 -16.8, 125.4 -17, 125.3 -17, 123.8 -16.9, 123.1 -16.4, 123.1 -16.3, 123.2 -15.5, 125.6 -13.9, 126.1 -13.7, 126.9 -13.7, 127.3 -13.8, 127.4 -13.9, 128.3 -14.7, 128.3 -14.8, 128.3 -15.3))"" where region_type_regiontype = ""IBRA"" and shapefile_id = 58;",58,IBRA,"POLYGON((128.3 -15.3, 128 -15.5, 126.4 -16.5, 125.7 -16.8, 125.4 -17, 125.3 -17, 123.8 -16.9, 123.1 -16.4, 123.1 -16.3, 123.2 -15.5, 125.6 -13.9, 126.1 -13.7, 126.9 -13.7, 127.3 -13.8, 127.4 -13.9, 128.3 -14.7, 128.3 -14.8, 128.3 -15.3))"
"update regions set simplified_polygon = ""POLYGON((150.3 -33.1, 148.1 -36.3, 147.1 -36.6, 146.9 -36.6, 145.5 -36.6, 144.2 -36.2, 144.1 -36.1, 147.5 -32.2, 149.5 -31.9, 149.6 -31.9, 149.6 -32, 150.3 -33, 150.3 -33.1))"" where region_type_regiontype = ""IBRA"" and shapefile_id = 59;",59,IBRA,"POLYGON((150.3 -33.1, 148.1 -36.3, 147.1 -36.6, 146.9 -36.6, 145.5 -36.6, 144.2 -36.2, 144.1 -36.1, 147.5 -32.2, 149.5 -31.9, 149.6 -31.9, 149.6 -32, 150.3 -33, 150.3 -33.1))"
"update regions set simplified_polygon = ""POLYGON((133 -31.8, 132.9 -31.8, 132.1 -31.9, 124.4 -32.6, 123.8 -32.5, 123.7 -32.4, 123.7 -32.3, 123.7 -31.8, 124.1 -31, 124.1 -30.9, 124.2 -30.9, 124.2 -30.8, 125 -29.5, 125.1 -29.5, 125.5 -29.1, 125.8 -29, 125.9 -29, 126.2 -28.9, 126.4 -28.9, 126.5 -28.9, 126.9 -28.9, 128 -29.1, 129 -29.3, 129.9 -29.5, 131.7 -30.4, 132 -30.5, 132 -30.6, 132.7 -31.2, 132.9 -31.4, 133 -31.6, 133 -31.8))"" where region_type_regiontype = ""IBRA"" and shapefile_id = 60;",60,IBRA,"POLYGON((133 -31.8, 132.9 -31.8, 132.1 -31.9, 124.4 -32.6, 123.8 -32.5, 123.7 -32.4, 123.7 -32.3, 123.7 -31.8, 124.1 -31, 124.1 -30.9, 124.2 -30.9, 124.2 -30.8, 125 -29.5, 125.1 -29.5, 125.5 -29.1, 125.8 -29, 125.9 -29, 126.2 -28.9, 126.4 -28.9, 126.5 -28.9, 126.9 -28.9, 128 -29.1, 129 -29.3, 129.9 -29.5, 131.7 -30.4, 132 -30.5, 132 -30.6, 132.7 -31.2, 132.9 -31.4, 133 -31.6, 133 -31.8))"
"update regions set simplified_polygon = ""POLYGON((131.9 -16.5, 131.9 -16.9, 131.7 -17.8, 131.7 -17.9, 131.2 -18.2, 131.1 -18.3, 127.7 -19.5, 125.4 -19.3, 125.3 -19.3, 125.2 -19.3, 125.1 -19.3, 125 -19.3, 124.8 -19.1, 124.7 -19.1, 124.7 -18.9, 124.7 -18.7, 128.5 -16.3, 128.5 -16.2, 131.4 -15, 131.6 -14.9, 131.7 -14.9, 131.7 -15, 131.8 -15, 131.9 -15.9, 131.9 -16.3, 131.9 -16.5))"" where region_type_regiontype = ""IBRA"" and shapefile_id = 61;",61,IBRA,"POLYGON((131.9 -16.5, 131.9 -16.9, 131.7 -17.8, 131.7 -17.9, 131.2 -18.2, 131.1 -18.3, 127.7 -19.5, 125.4 -19.3, 125.3 -19.3, 125.2 -19.3, 125.1 -19.3, 125 -19.3, 124.8 -19.1, 124.7 -19.1, 124.7 -18.9, 124.7 -18.7, 128.5 -16.3, 128.5 -16.2, 131.4 -15, 131.6 -14.9, 131.7 -14.9, 131.7 -15, 131.8 -15, 131.9 -15.9, 131.9 -16.3, 131.9 -16.5))"
"update regions set simplified_polygon = ""POLYGON((133 -14.5, 132.7 -14.5, 132.6 -14.5, 132.4 -14.4, 132.1 -14.2, 132 -14.2, 131.9 -14.1, 131.8 -14, 130.9 -13.3, 130.8 -13.2, 130.8 -13, 130.7 -13, 130.7 -12.9, 130.7 -12.8, 130.8 -12.8, 130.8 -12.7, 131.1 -12.6, 131.2 -12.6, 132.9 -12.5, 133 -12.7, 133.1 -14.2, 133 -14.5))"" where region_type_regiontype = ""IBRA"" and shapefile_id = 62;",62,IBRA,"POLYGON((133 -14.5, 132.7 -14.5, 132.6 -14.5, 132.4 -14.4, 132.1 -14.2, 132 -14.2, 131.9 -14.1, 131.8 -14, 130.9 -13.3, 130.8 -13.2, 130.8 -13, 130.7 -13, 130.7 -12.9, 130.7 -12.8, 130.8 -12.8, 130.8 -12.7, 131.1 -12.6, 131.2 -12.6, 132.9 -12.5, 133 -12.7, 133.1 -14.2, 133 -14.5))"
"update regions set simplified_polygon = ""POLYGON((121.4 -22.4, 121.3 -22.8, 121.3 -23, 121.3 -23.1, 120.9 -23.3, 120.9 -23.4, 120.7 -23.4, 119.1 -23.6, 118.6 -23.6, 118 -23.5, 115.8 -23, 115.5 -22.9, 115.3 -22.7, 115.2 -22.7, 115.2 -22.2, 115 -21.3, 115.3 -20.9, 116.8 -20.4, 119.1 -19.6, 121.1 -20.7, 121.1 -20.8, 121.2 -20.8, 121.2 -20.9, 121.3 -21.5, 121.4 -21.9, 121.4 -22.3, 121.4 -22.4))"" where region_type_regiontype = ""IBRA"" and shapefile_id = 63;",63,IBRA,"POLYGON((121.4 -22.4, 121.3 -22.8, 121.3 -23, 121.3 -23.1, 120.9 -23.3, 120.9 -23.4, 120.7 -23.4, 119.1 -23.6, 118.6 -23.6, 118 -23.5, 115.8 -23, 115.5 -22.9, 115.3 -22.7, 115.2 -22.7, 115.2 -22.2, 115 -21.3, 115.3 -20.9, 116.8 -20.4, 119.1 -19.6, 121.1 -20.7, 121.1 -20.8, 121.2 -20.8, 121.2 -20.9, 121.3 -21.5, 121.4 -21.9, 121.4 -22.3, 121.4 -22.4))"
"update regions set simplified_polygon = ""POLYGON((168 -29, 168 -29.1, 167.9 -29.1, 159.3 -31.8, 159.2 -31.8, 159.1 -31.6, 159 -31.5, 159.1 -31.5, 167.9 -29, 168 -29))"" where region_type_regiontype = ""IBRA"" and shapefile_id = 64;",64,IBRA,"POLYGON((168 -29, 168 -29.1, 167.9 -29.1, 159.3 -31.8, 159.2 -31.8, 159.1 -31.6, 159 -31.5, 159.1 -31.5, 167.9 -29, 168 -29))"
"update regions set simplified_polygon = ""POLYGON((147.4 -36.3, 147.1 -36.6, 146.9 -36.7, 145 -37.2, 143.8 -36.9, 139.8 -34.1, 139.7 -34, 139.8 -34, 143.9 -33, 144.6 -32.8, 144.7 -32.8, 144.8 -32.8, 145.9 -33.3, 147.3 -36.2, 147.4 -36.2, 147.4 -36.3))"" where region_type_regiontype = ""IBRA"" and shapefile_id = 65;",65,IBRA,"POLYGON((147.4 -36.3, 147.1 -36.6, 146.9 -36.7, 145 -37.2, 143.8 -36.9, 139.8 -34.1, 139.7 -34, 139.8 -34, 143.9 -33, 144.6 -32.8, 144.7 -32.8, 144.8 -32.8, 145.9 -33.3, 147.3 -36.2, 147.4 -36.2, 147.4 -36.3))"
"update regions set simplified_polygon = ""POLYGON((158.9 -54.5, 158.9 -54.6, 158.9 -54.7, 158.8 -54.8, 73.5 -53.2, 72.6 -53.1, 72.6 -53, 73.6 -52.9, 158.9 -54.5))"" where region_type_regiontype = ""IBRA"" and shapefile_id = 66;",66,IBRA,"POLYGON((158.9 -54.5, 158.9 -54.6, 158.9 -54.7, 158.8 -54.8, 73.5 -53.2, 72.6 -53.1, 72.6 -53, 73.6 -52.9, 158.9 -54.5))"
"update regions set simplified_polygon = ""POLYGON((146.8 -38.7, 146.3 -39, 143.5 -38.9, 141.6 -38.3, 141.6 -38.1, 141.7 -38.1, 145.1 -37.7, 147.8 -37.7, 147.9 -37.7, 148 -37.9, 146.8 -38.7))"" where region_type_regiontype = ""IBRA"" and shapefile_id = 67;",67,IBRA,"POLYGON((146.8 -38.7, 146.3 -39, 143.5 -38.9, 141.6 -38.3, 141.6 -38.1, 141.7 -38.1, 145.1 -37.7, 147.8 -37.7, 147.9 -37.7, 148 -37.9, 146.8 -38.7))"
"update regions set simplified_polygon = ""POLYGON((150.2 -36.2, 150.2 -36.3, 150.1 -37.3, 150 -37.5, 149.9 -37.6, 149.6 -37.7, 149.5 -37.8, 149.3 -37.8, 147.1 -37.9, 147.2 -37.5, 147.6 -36.9, 149.7 -35.3, 149.8 -35.3, 150.3 -35.2, 150.3 -35.5, 150.2 -36.2))"" where region_type_regiontype = ""IBRA"" and shapefile_id = 68;",68,IBRA,"POLYGON((150.2 -36.2, 150.2 -36.3, 150.1 -37.3, 150 -37.5, 149.9 -37.6, 149.6 -37.7, 149.5 -37.8, 149.3 -37.8, 147.1 -37.9, 147.2 -37.5, 147.6 -36.9, 149.7 -35.3, 149.8 -35.3, 150.3 -35.2, 150.3 -35.5, 150.2 -36.2))"
"update regions set simplified_polygon = ""POLYGON((150.3 -34.8, 150.2 -35.2, 149.5 -36.9, 149.3 -37.2, 149.2 -37.2, 148.8 -37.6, 146 -38.9, 145.9 -38.9, 143.6 -38.8, 143.3 -38.8, 143.2 -38.8, 143.2 -38.7, 143.4 -38.5, 149.2 -32.7, 149.5 -32.6, 150 -32.8, 150.2 -33.2, 150.4 -33.9, 150.3 -34.8))"" where region_type_regiontype = ""IBRA"" and shapefile_id = 69;",69,IBRA,"POLYGON((150.3 -34.8, 150.2 -35.2, 149.5 -36.9, 149.3 -37.2, 149.2 -37.2, 148.8 -37.6, 146 -38.9, 145.9 -38.9, 143.6 -38.8, 143.3 -38.8, 143.2 -38.8, 143.2 -38.7, 143.4 -38.5, 149.2 -32.7, 149.5 -32.6, 150 -32.8, 150.2 -33.2, 150.4 -33.9, 150.3 -34.8))"
"update regions set simplified_polygon = ""POLYGON((153.6 -28.6, 153.6 -28.8, 153.2 -30, 153.2 -30.1, 153.1 -30.1, 153 -30.1, 152.7 -30, 151.5 -26.9, 150.8 -24.2, 151 -23.5, 151 -23.4, 151.9 -23.2, 153.3 -24.7, 153.4 -25, 153.6 -27.4, 153.6 -28.6))"" where region_type_regiontype = ""IBRA"" and shapefile_id = 70;",70,IBRA,"POLYGON((153.6 -28.6, 153.6 -28.8, 153.2 -30, 153.2 -30.1, 153.1 -30.1, 153 -30.1, 152.7 -30, 151.5 -26.9, 150.8 -24.2, 151 -23.5, 151 -23.4, 151.9 -23.2, 153.3 -24.7, 153.4 -25, 153.6 -27.4, 153.6 -28.6))"
"update regions set simplified_polygon = ""POLYGON((142 -30.3, 141.9 -30.5, 141.1 -31.3, 141 -31.3, 140.8 -31.4, 140.4 -31.4, 139.8 -31.2, 135.3 -29.3, 135.3 -29.2, 135.2 -29.1, 133.9 -23.7, 136.2 -22.8, 136.4 -22.7, 136.5 -22.6, 138.2 -23.1, 138.4 -23.1, 138.5 -23.1, 138.5 -23.2, 141.4 -27.9, 142 -30.2, 142 -30.3))"" where region_type_regiontype = ""IBRA"" and shapefile_id = 71;",71,IBRA,"POLYGON((142 -30.3, 141.9 -30.5, 141.1 -31.3, 141 -31.3, 140.8 -31.4, 140.4 -31.4, 139.8 -31.2, 135.3 -29.3, 135.3 -29.2, 135.2 -29.1, 133.9 -23.7, 136.2 -22.8, 136.4 -22.7, 136.5 -22.6, 138.2 -23.1, 138.4 -23.1, 138.5 -23.1, 138.5 -23.2, 141.4 -27.9, 142 -30.2, 142 -30.3))"
"update regions set simplified_polygon = ""POLYGON((140.1 -29.9, 140.1 -30, 140.1 -30.1, 140 -30.3, 139.8 -30.5, 139.5 -30.9, 135 -30.7, 134.9 -30.6, 134.3 -29.2, 133.5 -27.3, 133.5 -27.2, 133.4 -26.6, 133.5 -26.5, 133.6 -26.1, 133.7 -26, 133.8 -25.9, 134.4 -25.8, 135.3 -25.8, 135.9 -26, 140 -29.5, 140 -29.6, 140.1 -29.8, 140.1 -29.9))"" where region_type_regiontype = ""IBRA"" and shapefile_id = 72;",72,IBRA,"POLYGON((140.1 -29.9, 140.1 -30, 140.1 -30.1, 140 -30.3, 139.8 -30.5, 139.5 -30.9, 135 -30.7, 134.9 -30.6, 134.3 -29.2, 133.5 -27.3, 133.5 -27.2, 133.4 -26.6, 133.5 -26.5, 133.6 -26.1, 133.7 -26, 133.8 -25.9, 134.4 -25.8, 135.3 -25.8, 135.9 -26, 140 -29.5, 140 -29.6, 140.1 -29.8, 140.1 -29.9))"
"update regions set simplified_polygon = ""POLYGON((135.6 -17.4, 135.5 -17.4, 135.5 -17.5, 135.4 -17.5, 132.8 -18.5, 132.7 -18.5, 131.3 -18.4, 131.2 -18.4, 131 -18.3, 131.6 -15.2, 131.7 -15.1, 131.8 -15, 131.9 -15, 132.7 -14.8, 132.9 -14.8, 133.5 -15, 135.4 -16.7, 135.5 -16.8, 135.6 -17.4))"" where region_type_regiontype = ""IBRA"" and shapefile_id = 73;",73,IBRA,"POLYGON((135.6 -17.4, 135.5 -17.4, 135.5 -17.5, 135.4 -17.5, 132.8 -18.5, 132.7 -18.5, 131.3 -18.4, 131.2 -18.4, 131 -18.3, 131.6 -15.2, 131.7 -15.1, 131.8 -15, 131.9 -15, 132.7 -14.8, 132.9 -14.8, 133.5 -15, 135.4 -16.7, 135.5 -16.8, 135.6 -17.4))"
"update regions set simplified_polygon = ""POLYGON((145.2 -37.6, 145.1 -37.6, 145 -37.8, 144.6 -38.2, 144.4 -38.3, 143 -38.4, 142 -38.4, 141.6 -38.4, 141.6 -38.3, 140.7 -38, 140.5 -37.8, 140.5 -37.7, 140.4 -37.5, 143.5 -36.8, 143.9 -36.9, 144.9 -37.3, 145 -37.4, 145.1 -37.5, 145.2 -37.5, 145.2 -37.6))"" where region_type_regiontype = ""IBRA"" and shapefile_id = 74;",74,IBRA,"POLYGON((145.2 -37.6, 145.1 -37.6, 145 -37.8, 144.6 -38.2, 144.4 -38.3, 143 -38.4, 142 -38.4, 141.6 -38.4, 141.6 -38.3, 140.7 -38, 140.5 -37.8, 140.5 -37.7, 140.4 -37.5, 143.5 -36.8, 143.9 -36.9, 144.9 -37.3, 145 -37.4, 145.1 -37.5, 145.2 -37.5, 145.2 -37.6))"
"update regions set simplified_polygon = ""POLYGON((116.1 -31.6, 116.1 -31.9, 115.9 -33.1, 115.9 -33.3, 115.8 -33.3, 115.8 -33.5, 115.7 -33.5, 115.7 -33.6, 115.6 -33.6, 115.6 -33.7, 115.5 -33.7, 115.4 -33.8, 115.3 -33.8, 115.2 -33.8, 115.1 -33.7, 115.1 -33.6, 114.9 -30.1, 115 -30.1, 115.1 -30.1, 115.9 -30.3, 116 -30.3, 116 -30.4, 116 -30.5, 116.1 -31.3, 116.1 -31.6))"" where region_type_regiontype = ""IBRA"" and shapefile_id = 75;",75,IBRA,"POLYGON((116.1 -31.6, 116.1 -31.9, 115.9 -33.1, 115.9 -33.3, 115.8 -33.3, 115.8 -33.5, 115.7 -33.5, 115.7 -33.6, 115.6 -33.6, 115.6 -33.7, 115.5 -33.7, 115.4 -33.8, 115.3 -33.8, 115.2 -33.8, 115.1 -33.7, 115.1 -33.6, 114.9 -30.1, 115 -30.1, 115.1 -30.1, 115.9 -30.3, 116 -30.3, 116 -30.4, 116 -30.5, 116.1 -31.3, 116.1 -31.6))"
"update regions set simplified_polygon = ""POLYGON((151.9 -32.7, 150.8 -35.1, 150.8 -35.2, 150.3 -35.7, 150.1 -35.2, 149.6 -32.1, 149.6 -32, 150.9 -31.7, 151 -31.8, 151.9 -32.6, 151.9 -32.7))"" where region_type_regiontype = ""IBRA"" and shapefile_id = 76;",76,IBRA,"POLYGON((151.9 -32.7, 150.8 -35.1, 150.8 -35.2, 150.3 -35.7, 150.1 -35.2, 149.6 -32.1, 149.6 -32, 150.9 -31.7, 151 -31.8, 151.9 -32.6, 151.9 -32.7))"
"update regions set simplified_polygon = ""POLYGON((135.8 -22.2, 135.2 -22.2, 135.1 -22.3, 130.5 -22.1, 130.5 -22, 130.4 -22, 130.3 -22, 130.2 -22, 130.1 -21.9, 130 -21.9, 129.3 -21.6, 127 -20.3, 127 -20, 127.1 -19.6, 128.3 -18.8, 128.5 -18.7, 128.6 -18.6, 128.7 -18.6, 130.1 -18.2, 133.4 -18.1, 133.5 -18.1, 136.9 -19.9, 137.5 -20.7, 137.7 -20.9, 137.7 -21, 137.8 -21.1, 135.8 -22.2))"" where region_type_regiontype = ""IBRA"" and shapefile_id = 77;",77,IBRA,"POLYGON((135.8 -22.2, 135.2 -22.2, 135.1 -22.3, 130.5 -22.1, 130.5 -22, 130.4 -22, 130.3 -22, 130.2 -22, 130.1 -21.9, 130 -21.9, 129.3 -21.6, 127 -20.3, 127 -20, 127.1 -19.6, 128.3 -18.8, 128.5 -18.7, 128.6 -18.6, 128.7 -18.6, 130.1 -18.2, 133.4 -18.1, 133.5 -18.1, 136.9 -19.9, 137.5 -20.7, 137.7 -20.9, 137.7 -21, 137.8 -21.1, 135.8 -22.2))"
"update regions set simplified_polygon = ""POLYGON((147.4 -42.2, 147.3 -42.2, 147.1 -42.3, 146.2 -42.4, 145.6 -42.1, 145.5 -42, 145.4 -41.9, 145.5 -41.5, 145.5 -41.3, 145.6 -41.3, 146.3 -41.4, 146.4 -41.4, 146.8 -41.7, 147.2 -41.9, 147.4 -42.2))"" where region_type_regiontype = ""IBRA"" and shapefile_id = 78;",78,IBRA,"POLYGON((147.4 -42.2, 147.3 -42.2, 147.1 -42.3, 146.2 -42.4, 145.6 -42.1, 145.5 -42, 145.4 -41.9, 145.5 -41.5, 145.5 -41.3, 145.6 -41.3, 146.3 -41.4, 146.4 -41.4, 146.8 -41.7, 147.2 -41.9, 147.4 -42.2))"
"update regions set simplified_polygon = ""POLYGON((132.7 -11.7, 132.6 -11.7, 131 -11.9, 130.9 -11.9, 130 -11.8, 130.1 -11.5, 130.3 -11.1, 132.6 -11, 132.7 -11.2, 132.7 -11.5, 132.7 -11.7))"" where region_type_regiontype = ""IBRA"" and shapefile_id = 79;",79,IBRA,"POLYGON((132.7 -11.7, 132.6 -11.7, 131 -11.9, 130.9 -11.9, 130 -11.8, 130.1 -11.5, 130.3 -11.1, 132.6 -11, 132.7 -11.2, 132.7 -11.5, 132.7 -11.7))"
"update regions set simplified_polygon = ""POLYGON((148 -41.8, 147.6 -42.2, 147.5 -42.2, 147.3 -42.2, 147 -42, 146.7 -41.5, 146.8 -41.4, 147 -41.3, 148 -41.7, 148 -41.8))"" where region_type_regiontype = ""IBRA"" and shapefile_id = 80;",80,IBRA,"POLYGON((148 -41.8, 147.6 -42.2, 147.5 -42.2, 147.3 -42.2, 147 -42, 146.7 -41.5, 146.8 -41.4, 147 -41.3, 148 -41.7, 148 -41.8))"
"update regions set simplified_polygon = ""POLYGON((147 -41.4, 146.9 -41.8, 146.2 -41.9, 146 -41.9, 145.2 -41.1, 145.3 -41, 145.4 -41, 145.7 -41, 146.7 -41.1, 147 -41.2, 147 -41.3, 147 -41.4))"" where region_type_regiontype = ""IBRA"" and shapefile_id = 81;",81,IBRA,"POLYGON((147 -41.4, 146.9 -41.8, 146.2 -41.9, 146 -41.9, 145.2 -41.1, 145.3 -41, 145.4 -41, 145.7 -41, 146.7 -41.1, 147 -41.2, 147 -41.3, 147 -41.4))"
"update regions set simplified_polygon = ""POLYGON((148.4 -42.2, 148.3 -42.3, 148.1 -43.1, 148 -43.2, 147.3 -43.5, 147.1 -43.5, 147.1 -43.4, 146.7 -42.7, 146.7 -42.6, 146.7 -42.4, 146.6 -42.3, 146.8 -42.2, 147.5 -41.8, 147.6 -41.8, 148.2 -41.7, 148.3 -41.7, 148.4 -42.1, 148.4 -42.2))"" where region_type_regiontype = ""IBRA"" and shapefile_id = 82;",82,IBRA,"POLYGON((148.4 -42.2, 148.3 -42.3, 148.1 -43.1, 148 -43.2, 147.3 -43.5, 147.1 -43.5, 147.1 -43.4, 146.7 -42.7, 146.7 -42.6, 146.7 -42.4, 146.6 -42.3, 146.8 -42.2, 147.5 -41.8, 147.6 -41.8, 148.2 -41.7, 148.3 -41.7, 148.4 -42.1, 148.4 -42.2))"
"update regions set simplified_polygon = ""POLYGON((147.4 -43.4, 147.3 -43.5, 147 -43.8, 147 -43.9, 146.5 -43.6, 146.3 -43.1, 146.1 -42.2, 146.2 -42.1, 146.2 -42, 146.4 -42, 146.5 -42, 147.2 -42.9, 147.4 -43.4))"" where region_type_regiontype = ""IBRA"" and shapefile_id = 83;",83,IBRA,"POLYGON((147.4 -43.4, 147.3 -43.5, 147 -43.8, 147 -43.9, 146.5 -43.6, 146.3 -43.1, 146.1 -42.2, 146.2 -42.1, 146.2 -42, 146.4 -42, 146.5 -42, 147.2 -42.9, 147.4 -43.4))"
"update regions set simplified_polygon = ""POLYGON((146.5 -43.1, 146.5 -43.5, 146.4 -43.7, 146 -43.6, 145.5 -43, 145.4 -42.9, 145.3 -42.6, 144.8 -41.5, 144.8 -41.2, 144.9 -41.1, 145 -41.1, 145.2 -41.1, 145.3 -41.2, 145.4 -41.2, 145.8 -41.6, 146.3 -42.5, 146.5 -43, 146.5 -43.1))"" where region_type_regiontype = ""IBRA"" and shapefile_id = 84;",84,IBRA,"POLYGON((146.5 -43.1, 146.5 -43.5, 146.4 -43.7, 146 -43.6, 145.5 -43, 145.4 -42.9, 145.3 -42.6, 144.8 -41.5, 144.8 -41.2, 144.9 -41.1, 145 -41.1, 145.2 -41.1, 145.3 -41.2, 145.4 -41.2, 145.8 -41.6, 146.3 -42.5, 146.5 -43, 146.5 -43.1))"
"update regions set simplified_polygon = ""POLYGON((131.4 -15.6, 131.4 -15.7, 131.4 -15.8, 130.6 -16.9, 130.5 -17, 129.8 -17, 128 -16.8, 127.9 -16.6, 127.8 -16.5, 127.8 -16.4, 127.8 -15.6, 128.2 -15, 128.4 -14.8, 130.7 -13.5, 130.8 -13.6, 131.4 -15, 131.4 -15.6))"" where region_type_regiontype = ""IBRA"" and shapefile_id = 85;",85,IBRA,"POLYGON((131.4 -15.6, 131.4 -15.7, 131.4 -15.8, 130.6 -16.9, 130.5 -17, 129.8 -17, 128 -16.8, 127.9 -16.6, 127.8 -16.5, 127.8 -16.4, 127.8 -15.6, 128.2 -15, 128.4 -14.8, 130.7 -13.5, 130.8 -13.6, 131.4 -15, 131.4 -15.6))"
"update regions set simplified_polygon = ""POLYGON((146.8 -36.7, 146.2 -37.3, 144.4 -38, 142.8 -38, 141.7 -37.9, 141.4 -37.9, 141.3 -37.7, 141.2 -37.5, 141.2 -37.3, 141.1 -37.3, 141.2 -37.2, 141.8 -36.7, 143.5 -36.2, 146.5 -36.5, 146.7 -36.5, 146.8 -36.6, 146.8 -36.7))"" where region_type_regiontype = ""IBRA"" and shapefile_id = 86;",86,IBRA,"POLYGON((146.8 -36.7, 146.2 -37.3, 144.4 -38, 142.8 -38, 141.7 -37.9, 141.4 -37.9, 141.3 -37.7, 141.2 -37.5, 141.2 -37.3, 141.1 -37.3, 141.2 -37.2, 141.8 -36.7, 143.5 -36.2, 146.5 -36.5, 146.7 -36.5, 146.8 -36.6, 146.8 -36.7))"
"update regions set simplified_polygon = ""POLYGON((118 -35.1, 117.9 -35.2, 116.2 -35, 115.1 -34.3, 115 -34.3, 115 -34.2, 115 -34.1, 115 -34, 115 -33.9, 115 -33.7, 115.9 -34, 116 -34, 117.9 -35, 118 -35.1))"" where region_type_regiontype = ""IBRA"" and shapefile_id = 87;",87,IBRA,"POLYGON((118 -35.1, 117.9 -35.2, 116.2 -35, 115.1 -34.3, 115 -34.3, 115 -34.2, 115 -34.1, 115 -34, 115 -33.9, 115 -33.7, 115.9 -34, 116 -34, 117.9 -35, 118 -35.1))"
"update regions set simplified_polygon = ""POLYGON((146.7 -19, 146.5 -19.3, 146.4 -19.4, 146.4 -19.3, 146.1 -19.1, 145.8 -18.9, 145.8 -18.8, 145.6 -18.7, 144.9 -16.2, 145.2 -15.6, 145.3 -15.6, 145.5 -15.7, 146 -16.6, 146.7 -18.8, 146.7 -19))"" where region_type_regiontype = ""IBRA"" and shapefile_id = 88;",88,IBRA,"POLYGON((146.7 -19, 146.5 -19.3, 146.4 -19.4, 146.4 -19.3, 146.1 -19.1, 145.8 -18.9, 145.8 -18.8, 145.6 -18.7, 144.9 -16.2, 145.2 -15.6, 145.3 -15.6, 145.5 -15.7, 146 -16.6, 146.7 -18.8, 146.7 -19))"
"update regions set simplified_polygon = ""POLYGON((119.3 -29.5, 119.2 -29.6, 119.2 -29.7, 119.1 -29.7, 118.5 -29.9, 118.4 -29.9, 118.3 -29.9, 118.1 -29.9, 117.4 -29.9, 116.8 -29.6, 114.7 -27.9, 114 -27.2, 113.8 -26.9, 113.3 -26.4, 113.2 -26.2, 113 -25.8, 112.9 -25.6, 112.9 -25.5, 113.1 -24.8, 113.2 -24.8, 113.2 -24.7, 118.9 -29.2, 119.3 -29.5))"" where region_type_regiontype = ""IBRA"" and shapefile_id = 89;",89,IBRA,"POLYGON((119.3 -29.5, 119.2 -29.6, 119.2 -29.7, 119.1 -29.7, 118.5 -29.9, 118.4 -29.9, 118.3 -29.9, 118.1 -29.9, 117.4 -29.9, 116.8 -29.6, 114.7 -27.9, 114 -27.2, 113.8 -26.9, 113.3 -26.4, 113.2 -26.2, 113 -25.8, 112.9 -25.6, 112.9 -25.5, 113.1 -24.8, 113.2 -24.8, 113.2 -24.7, 118.9 -29.2, 119.3 -29.5))"
